type ,abscissa,ordinate,color,value
polygons (15 sides),15.56074952,80.06564029,Grey,5
banana,17.89349871,71.10968734,Blue,1
polygons (15 sides),21.77804048,6.616625307,Grey,5
banana,21.86358128,46.05259335,Orange,1
polygons (11 sides),22.00370914,50.49944012,Grey,22
banana,22.3077,61.7949,Yellow ,1
banana,22.3077,57.1795,Yellow ,1
polygons (11 sides),22.81710748,30.43604034,Grey,22
polygons (11 sides),22.95509327,70.42689515,Grey,22
banana,22.95947898,51.28770679,Orange,1
banana,23.0769,66.4103,Yellow ,1
banana,23.07731951,71.72053967,Blue,1
polygons (11 sides),23.28474798,50.47435283,Grey,22
banana,23.3333,52.9487,Yellow ,1
banana,23.67308186,64.87083914,Blue,1
banana,23.71456629,75.09804908,Blue,1
banana,23.74907191,63.5571719,Blue,1
polygons (11 sides),24.27038239,50.48556769,Grey,22
banana,24.93913687,72.58028581,Blue,1
banana,25.16587084,35.76661395,Orange,1
banana,25.21379046,60.2733986,Orange,1
pentagon ,25.4435257,82.8742005,Neon Green,6
pentagon ,25.48358339,82.92908498,Neon Green,6
banana,25.53800765,60.63023611,Orange,1
pentagon ,25.56511342,82.92409777,Neon Green,6
pentagon ,25.58347508,82.91489113,Neon Green,6
banana,25.58605524,60.84658336,Orange,1
pentagon ,25.8551276,17.08190869,Neon Green,6
pentagon ,25.85756947,17.11384266,Neon Green,6
banana,25.8974,51.0256,Yellow ,1
pentagon ,25.92884427,82.82118411,Neon Green,6
pentagon ,25.98531782,17.20372213,Neon Green,6
banana,25.98549962,74.34938755,Blue,1
pentagon ,26.02564455,16.92501353,Neon Green,6
banana,26.1538,71.4103,Yellow ,1
banana,26.16338746,62.0268149,Orange,1
polygons (11 sides),26.16690928,70.50031512,Grey,22
pentagon ,26.20141928,17.09382391,Neon Green,6
banana,26.31431007,33.2971681,Orange,1
banana,26.32071119,62.39628112,Orange,1
polygons (11 sides),26.33145708,50.49455653,Grey,22
banana,26.45926233,62.63467337,Orange,1
pentagon ,26.49139853,17.40539097,Neon Green,6
banana,26.5135531,32.91874982,Orange,1
banana,26.66664565,62.98097121,Orange,1
banana,26.85952956,63.14183467,Orange,1
Pentagon ,27.02460324,62.90185886,Yellow,5
pentagon ,27.09557036,52.07679944,Neon Green,6
polygons (11 sides),27.14984363,70.21080584,Grey,22
Pentagon ,27.18646384,63.55872965,Yellow,5
banana,27.27961285,19.25728097,Blue,1
pentagon ,27.33886892,51.65304675,Neon Green,6
pentagon ,27.42242921,51.43887623,Neon Green,6
pentagon ,27.43924961,51.71207905,Neon Green,6
pentagon ,27.53046637,51.41484656,Neon Green,6
pentagon ,27.53739532,51.59365408,Neon Green,6
pentagon ,27.55147826,51.48738653,Neon Green,6
Pentagon ,27.57802522,62.82103866,Yellow,5
pentagon ,27.58063881,51.52476126,Neon Green,6
polygons (11 sides),27.63403839,50.50366686,Grey,22
pentagon ,27.63996794,51.39909748,Neon Green,6
pentagon ,27.6740834,51.30411215,Neon Green,6
pentagon ,27.67840297,51.18198917,Neon Green,6
Pentagon ,27.77991911,63.51814752,Yellow,5
pentagon ,27.87826426,50.70890793,Neon Green,6
polygons (11 sides),27.8918898,30.48497026,Grey,22
pentagon ,27.8926589,50.79528152,Neon Green,6
pentagon ,27.89317272,50.66196341,Neon Green,6
polygons (15 sides),27.92264424,25.98687818,Grey,5
polygons (15 sides),28.00332424,46.67219195,Grey,5
banana,28.03760277,26.80382436,Blue,1
Pentagon ,28.08546821,63.59019695,Yellow,5
Pentagon ,28.08727305,63.12328281,Yellow,5
Pentagon ,28.08874132,63.51079443,Yellow,5
banana,28.21781182,28.28029248,Blue,1
polygons (15 sides),28.23678194,56.13959645,Grey,5
Pentagon ,28.58899981,63.02408057,Yellow,5
Pentagon ,28.70444923,61.7775254,Yellow,5
Pentagon ,28.7391415,62.72086389,Yellow,5
Pentagon ,28.8013367,63.38904039,Yellow,5
Pentagon ,28.81132844,61.35785406,Yellow,5
banana,28.97283572,29.05046892,Orange,1
banana,28.9744,74.4872,Yellow ,1
Pentagon ,29.00561416,63.39075133,Yellow,5
Pentagon ,29.2851466,63.38360583,Yellow,5
polygons (11 sides),29.33651065,50.46189397,Grey,22
polygons (15 sides),29.34620043,42.14874183,Grey,5
Pentagon ,29.42268607,63.06846482,Yellow,5
Pentagon ,29.43296052,60.80177654,Yellow,5
banana,29.43684125,67.55452811,Blue,1
banana,29.4872,51.0256,Yellow ,1
Pentagon ,29.60276098,60.15734672,Yellow,5
banana,29.7436,36.0256,Yellow ,1
banana,29.7436,32.1795,Yellow ,1
banana,29.7436,59.8718,Yellow ,1
banana,29.7436,62.1795,Yellow ,1
banana,29.74525392,74.40452683,Blue,1
banana,30,36.7949,Yellow ,1
banana,30,29.1026,Yellow ,1
banana,30.01126425,68.14675637,Blue,1
polygons (15 sides),30.05228987,96.61754235,Grey,5
polygons (15 sides),30.39182766,42.75961287,Grey,5
Clock (3:00),30.44965384,44.995123,Grey,3000
Clock (3:00),30.45024833,79.8348944,Grey,3000
Clock (3:00),30.45495589,63.50177878,Grey,3000
Clock (3:00),30.46221846,32.75047203,Grey,3000
Clock (3:00),30.46484693,82.08923208,Grey,3000
Clock (3:00),30.47463433,52.32215964,Grey,3000
Clock (3:00),30.47682991,39.42460559,Grey,3000
Clock (3:00),30.47805889,28.02058049,Grey,3000
Clock (3:00),30.48599422,47.34794647,Grey,3000
Clock (3:00),30.48739171,19.77947037,Grey,3000
Clock (3:00),30.48956923,77.72988014,Grey,3000
Clock (3:00),30.49130262,43.56137408,Grey,3000
Clock (3:00),30.49218542,55.87891689,Grey,3000
Clock (3:00),30.49442136,45.77347553,Grey,3000
Clock (3:00),30.49807771,62.38498503,Grey,3000
Clock (3:00),30.49950617,53.61252767,Grey,3000
Clock (3:00),30.49954455,49.38209975,Grey,3000
Clock (3:00),30.49959371,26.08556157,Grey,3000
Clock (3:00),30.50099808,48.06969968,Grey,3000
Clock (3:00),30.50116088,38.31413856,Grey,3000
Clock (3:00),30.50159647,82.30712635,Grey,3000
Clock (3:00),30.50207679,36.44121292,Grey,3000
Clock (3:00),30.50347435,38.34855614,Grey,3000
Clock (3:00),30.50477302,26.41662567,Grey,3000
Clock (3:00),30.50483493,28.77148799,Grey,3000
Clock (3:00),30.50911533,22.82554712,Grey,3000
Clock (3:00),30.51166121,66.09371818,Grey,3000
Clock (3:00),30.5183948,68.25258294,Grey,3000
Clock (3:00),30.52036124,65.10040907,Grey,3000
Clock (3:00),30.62022775,60.86008215,Grey,3000
polygons (15 sides),30.84691899,37.3416401,Grey,5
banana,30.88943083,26.32903723,Orange,1
polygons (15 sides),30.99622058,71.69440494,Grey,5
banana,31.00052541,82.5794806,Blue,1
polygons (15 sides),31.00525826,40.68250301,Grey,5
Clock (2:00),31.10686656,89.46163524,Pink,2
banana,31.16860072,69.24542132,Orange,1
banana,31.22187836,26.44085578,Blue,1
banana,31.2821,62.5641,Yellow ,1
banana,31.68957613,26.66640021,Blue,1
Pentagon ,31.7086629,58.83775437,Yellow,5
banana,31.76066917,69.79765539,Orange,1
polygons (15 sides),31.8384977,71.81216539,Grey,5
polygons (11 sides),32.037108,50.50006612,Grey,22
banana,32.0513,26.7949,Yellow ,1
polygons (15 sides),32.14646234,43.48170944,Grey,5
banana,32.21517863,65.60095802,Blue,1
banana,32.26370009,70.3166389,Orange,1
polygons (15 sides),32.33111023,61.41110125,Grey,5
polygons (11 sides),32.37893863,90.14414263,Grey,22
Pentagon ,32.46184674,62.88190292,Yellow,5
polygons (11 sides),32.53070274,70.15739651,Grey,22
banana,32.54238034,70.70241721,Orange,1
banana,32.5641,32.1795,Yellow ,1
polygons (15 sides),32.57902007,1.808115597,Grey,5
banana,32.64425407,70.73255503,Orange,1
polygons (11 sides),32.65609918,70.0510705,Grey,22
Clock (2:00),32.76721796,88.51829458,Pink,2
banana,32.8205,51.0256,Yellow ,1
banana,32.83142061,24.79753815,Orange,1
polygons (11 sides),32.87063916,30.50234175,Grey,22
polygons (15 sides),33.02407002,24.46783039,Grey,5
banana,33.03730125,24.56446249,Orange,1
banana,33.0769,77.5641,Yellow ,1
polygons (15 sides),33.33937429,0.509106735,Grey,5
polygons (11 sides),33.36526443,70.45933544,Grey,22
banana,33.44618293,24.19064341,Orange,1
banana,33.5458051,20.0807081,Blue,1
banana,33.5897,41.4103,Yellow ,1
Clock (2:00),33.72960678,88.62226579,Pink,2
banana,33.79707204,28.69975074,Blue,1
polygons (15 sides),34.11883024,45.73455132,Grey,5
Clock (2:00),34.14094104,4.57766135,Pink,2
Clock (2:00),34.14896821,13.52386987,Pink,2
polygons (15 sides),34.17307376,25.69367431,Grey,5
Clock (2:00),34.23811004,13.71315823,Pink,2
Pentagon ,34.30395791,56.54212591,Yellow,5
polygons (15 sides),34.39836164,59.5444469,Grey,5
Clock (2:00),34.49955831,86.60998505,Pink,2
banana,34.57530901,72.72484118,Orange,1
polygons (11 sides),34.62547027,30.49974103,Grey,22
polygons (11 sides),34.74247144,70.33993489,Grey,22
polygons (11 sides),34.75420747,30.495865,Grey,22
Clock (2:00),34.79459354,13.96968346,Pink,2
polygons (11 sides),34.80070146,30.49793139,Grey,22
polygons (15 sides),35.03062855,12.53664934,Grey,5
banana,35.1282,30.2564,Yellow ,1
banana,35.16136075,22.78684965,Orange,1
Clock (2:00),35.16602939,84.15649198,Pink,2
banana,35.3846,51.4103,Yellow ,1
polygons (15 sides),35.62056177,57.28601558,Grey,5
banana,35.641,79.8718,Yellow ,1
banana,35.6535812,17.51450806,Blue,1
polygons (11 sides),35.6673163,30.52203505,Grey,22
Clock (2:00),35.75187079,94.11676803,Pink,2
banana,35.8974,25.2564,Yellow ,1
polygons (15 sides),35.90360973,91.11186308,Grey,5
banana,36.02709121,22.19543854,Orange,1
Clock (2:00),36.02719822,82.04078065,Pink,2
Clock (2:00),36.03087977,93.12173324,Pink,2
polygons (15 sides),36.35569515,6.00584865,Grey,5
banana,36.3827222,25.23800523,Blue,1
polygons (15 sides),36.44900385,50.54626907,Grey,5
banana,36.46888948,21.87611447,Orange,1
Clock (2:00),36.47549917,17.71894779,Pink,2
Clock (2:00),36.60557824,15.74887589,Pink,2
Clock (2:00),36.6592677,17.68196446,Pink,2
banana,36.6667,45.641,Yellow ,1
Clock (2:00),36.71466334,17.38180986,Pink,2
polygons (11 sides),36.75370024,50.5293043,Grey,22
Clock (2:00),36.79248159,13.39213473,Pink,2
polygons (15 sides),37.00038714,60.26427925,Grey,5
polygons (11 sides),37.01935129,50.4926667,Grey,22
banana,37.02118401,81.95447,Blue,1
Clock (2:00),37.10307364,15.44561165,Pink,2
banana,37.15571048,84.95411141,Blue,1
Clock (2:00),37.22461013,17.98006448,Pink,2
Clock (2:00),37.23824933,83.72492841,Pink,2
banana,37.30994835,72.5861552,Blue,1
polygons (15 sides),37.48841474,60.81440485,Grey,5
banana,37.55511629,24.53766384,Blue,1
Clock (2:00),37.56207634,11.9284457,Pink,2
banana,37.57479502,69.98874444,Blue,1
Clock (2:00),37.57942191,15.01589013,Pink,2
banana,37.6277033,74.55750434,Orange,1
banana,37.6923,25.7692,Yellow ,1
polygons (11 sides),37.79404941,30.49263834,Grey,22
polygons (11 sides),37.79931493,70.46953588,Grey,22
banana,37.94978369,26.52174923,Blue,1
polygons (11 sides),38.03378377,50.49089952,Grey,22
polygons (11 sides),38.05024078,30.40794603,Grey,22
banana,38.2051,49.1026,Yellow ,1
polygons (15 sides),38.30200581,60.01778579,Grey,5
Clock (2:00),38.33775718,92.47271905,Pink,2
Pentagon ,38.38652558,14.58021515,Yellow,5
Pentagon ,38.40401521,14.45194845,Yellow,5
Clock (2:00),38.66016397,21.68954964,Pink,2
polygons (15 sides),38.66446116,33.31723848,Grey,5
banana,38.7179,84.8718,Yellow ,1
banana,38.7179,31.4103,Yellow ,1
banana,38.73185813,83.78935643,Blue,1
Pentagon ,38.76427889,14.36559047,Yellow,5
polygons (15 sides),38.98001542,87.32216069,Grey,5
polygons (15 sides),39.04403669,84.67601083,Grey,5
polygons (15 sides),39.05208648,70.65250285,Grey,5
Clock (2:00),39.05424844,83.1190207,Pink,2
Pentagon ,39.08746445,15.12230394,Yellow,5
polygons (15 sides),39.08961455,70.46619408,Grey,5
polygons (11 sides),39.11025189,30.47869518,Grey,22
polygons (11 sides),39.14283779,30.79285594,Grey,22
Clock (2:00),39.18190709,79.8190372,Pink,2
banana,39.19959418,23.68049566,Blue,1
Pentagon ,39.20671933,51.5337157,Yellow,5
Clock (2:00),39.23928078,79.26372384,Pink,2
Pentagon ,39.31187189,15.64071697,Yellow,5
polygons (15 sides),39.32375603,59.30081967,Grey,5
Pentagon ,39.4029453,51.1508572,Yellow,5
Clock (2:00),39.43116121,19.32384075,Pink,2
Clock (2:00),39.46295984,78.4599739,Pink,2
banana,39.48557479,20.03305005,Orange,1
banana,39.4872,25.3846,Yellow ,1
polygons (15 sides),39.50578908,74.85162722,Grey,5
Pentagon ,39.58256675,17.64845284,Yellow,5
Pentagon ,39.61754583,62.92518796,Yellow,5
banana,39.64826665,22.73136637,Blue,1
Pentagon ,39.66157367,15.60935558,Yellow,5
polygons (15 sides),39.70632617,84.2752871,Grey,5
banana,39.73633061,23.49480698,Blue,1
banana,39.74037952,18.74105141,Blue,1
Clock (2:00),39.75564907,79.65709664,Pink,2
Clock (2:00),39.76282611,76.40596745,Pink,2
polygons (15 sides),39.77748287,43.75581895,Grey,5
Clock (2:00),39.78452494,82.2605659,Pink,2
banana,39.79329057,75.80796422,Orange,1
Clock (2:00),39.79727127,16.08354965,Pink,2
polygons (15 sides),39.81123025,65.33483281,Grey,5
Clock (2:00),39.87830465,18.32492922,Pink,2
banana,39.92136281,19.70184953,Orange,1
Clock (2:00),39.93167463,79.939188,Pink,2
polygons (15 sides),39.96302158,42.94491485,Grey,5
Clock (2:00),40.04818647,24.26148793,Pink,2
banana,40.0500952,71.88903357,Blue,1
banana,40.07880645,80.24718526,Blue,1
Clock (2:00),40.22206279,20.6146217,Pink,2
banana,40.2564,51.4103,Yellow ,1
Pentagon ,40.38340582,21.39122552,Yellow,5
Pentagon ,40.39863291,16.34700838,Yellow,5
Pentagon ,40.43569158,20.23267068,Yellow,5
polygons (15 sides),40.467576,60.02751209,Grey,5
Clock (2:00),40.51244785,22.96221457,Pink,2
polygons (15 sides),40.57019704,79.37296348,Grey,5
Clock (2:00),40.62211592,78.54210421,Pink,2
polygons (15 sides),40.63504181,73.39475037,Grey,5
Clock (2:00),40.64371928,20.24086137,Pink,2
Pentagon ,40.74898026,16.18214166,Yellow,5
Clock (2:00),40.7498794,77.20465729,Pink,2
banana,40.7692,88.3333,Yellow ,1
polygons (11 sides),40.81695313,50.4877602,Grey,22
banana,40.86385523,82.9261453,Blue,1
Pentagon ,40.89925918,20.79852895,Yellow,5
polygons (15 sides),40.91383193,38.55901955,Grey,5
Clock (2:00),40.91597158,23.54159239,Pink,2
Pentagon ,40.93654667,16.91300484,Yellow,5
banana,41.0256,25.2564,Yellow ,1
banana,41.02697157,76.40958846,Orange,1
Clock (2:00),41.06430579,12.21446893,Pink,2
banana,41.10069438,26.55261322,Blue,1
polygons (11 sides),41.16931042,10.49730024,Grey,22
Clock (2:00),41.2090395,24.12870919,Pink,2
Clock (2:00),41.27005653,21.72181715,Pink,2
Clock (2:00),41.32338329,80.2118686,Pink,2
Pentagon ,41.32720065,49.07025127,Yellow,5
polygons (11 sides),41.41711528,50.46977342,Grey,22
Pentagon ,41.47014233,17.27803344,Yellow,5
Pentagon ,41.48150286,18.04743744,Yellow,5
Pentagon ,41.52891976,24.91642519,Yellow,5
Clock (2:00),41.636093,76.24922292,Pink,2
Pentagon ,41.64045402,27.09309542,Yellow,5
polygons (15 sides),41.67759577,30.20126408,Grey,5
Pentagon ,41.67984769,17.74591901,Yellow,5
Pentagon ,41.74024382,17.82932431,Yellow,5
polygons (11 sides),41.77974178,50.47064228,Grey,22
Clock (2:00),41.78732323,83.98807799,Pink,2
Pentagon ,41.93833001,24.99152298,Yellow,5
Pentagon ,41.96861683,26.4970726,Yellow,5
Clock (2:00),42.00285627,97.83761472,Pink,2
polygons (15 sides),42.06330456,2.335196612,Grey,5
Clock (2:00),42.08066069,24.94652645,Pink,2
banana,42.14226829,76.88063455,Orange,1
Pentagon ,42.1787134,26.49211948,Yellow,5
polygons (15 sides),42.18567914,66.03489782,Grey,5
Clock (2:00),42.19526615,20.91937219,Pink,2
polygons (11 sides),42.22412022,30.49803716,Grey,22
polygons (15 sides),42.22937838,19.91406841,Grey,5
polygons (11 sides),42.24229294,89.70857859,Grey,22
Clock (2:00),42.3462616,24.55832694,Pink,2
Clock (2:00),42.3678225,73.63827183,Pink,2
Clock (2:00),42.43088899,75.13363464,Pink,2
polygons (11 sides),42.44843378,89.50770012,Grey,22
Pentagon ,42.47653994,18.33847356,Yellow,5
polygons (15 sides),42.47679238,56.73128997,Grey,5
Clock (2:00),42.61255083,24.19505377,Pink,2
banana,42.68104041,18.5425362,Orange,1
polygons (11 sides),42.70403632,90.44262886,Grey,22
polygons (11 sides),42.71319362,10.48754724,Grey,22
polygons (11 sides),42.73907512,50.48315599,Grey,22
polygons (15 sides),42.78176125,12.99118843,Grey,5
Pentagon ,42.81171147,30.02044842,Yellow,5
banana,42.8205,91.4103,Yellow ,1
banana,42.8205,32.5641,Yellow ,1
Clock (2:00),42.82675634,25.55695941,Pink,2
banana,42.84184265,20.33390044,Blue,1
banana,42.87903652,18.48941103,Orange,1
banana,42.88175509,80.18477005,Blue,1
polygons (15 sides),42.96804691,17.9454584,Grey,5
banana,43.04618324,18.40255939,Orange,1
Clock (2:00),43.08125586,75.34670164,Pink,2
Pentagon ,43.23308466,63.16521872,Yellow,5
Pentagon ,43.30061489,31.5264262,Yellow,5
polygons (11 sides),43.37100189,50.50083732,Grey,22
polygons (15 sides),43.49045013,40.78254207,Grey,5
polygons (15 sides),43.54277593,62.46031128,Grey,5
Clock (2:00),43.54988148,24.30721094,Pink,2
polygons (11 sides),43.58846847,89.74553655,Grey,22
Pentagon ,43.59511586,19.99420098,Yellow,5
polygons (15 sides),43.68439343,32.82300987,Grey,5
Pentagon ,43.7225508,19.0773278,Yellow,5
Clock (2:00),43.74461968,71.26796108,Pink,2
Clock (2:00),43.8568985,77.60984365,Pink,2
banana,43.91938731,27.79784459,Blue,1
polygons (15 sides),43.94986459,75.95871567,Grey,5
Pentagon ,44.00131524,33.90420735,Yellow,5
Pentagon ,44.00714993,46.44967378,Yellow,5
Pentagon ,44.04456562,35.66223828,Yellow,5
Pentagon ,44.05392751,33.55639249,Yellow,5
Pentagon ,44.07406069,34.55320389,Yellow,5
banana,44.1026,52.9487,Yellow ,1
banana,44.1026,25.641,Yellow ,1
banana,44.1026,92.6923,Yellow ,1
Clock (2:00),44.12496121,23.36624529,Pink,2
Clock (2:00),44.18908437,28.77262547,Pink,2
Clock (2:00),44.32477884,71.0459044,Pink,2
Clock (2:00),44.36071943,70.47420705,Pink,2
banana,44.37791453,78.164628,Orange,1
banana,44.41640111,28.94769233,Blue,1
Pentagon ,44.44384061,36.0190833,Yellow,5
Clock (2:00),44.51733395,70.36934983,Pink,2
polygons (11 sides),44.54684128,50.41591338,Grey,22
polygons (15 sides),44.59021258,22.03401164,Grey,5
banana,44.67676155,80.23828555,Blue,1
polygons (11 sides),44.84998426,70.39520297,Grey,22
banana,44.8718,13.718,Yellow ,1
Pentagon ,45.00630045,38.29901955,Yellow,5
banana,45.01027007,77.88086312,Orange,1
banana,45.02899753,17.7244473,Orange,1
banana,45.04107713,17.73451773,Orange,1
Clock (2:00),45.2257382,30.55522592,Pink,2
polygons (15 sides),45.25157607,70.00342132,Grey,5
polygons (11 sides),45.31722551,10.49587339,Grey,22
polygons (15 sides),45.37801888,29.16921665,Grey,5
banana,45.3846,36.4103,Yellow ,1
Clock (2:00),45.42293218,69.09550167,Pink,2
polygons (15 sides),45.59648495,9.763348849,Grey,5
banana,45.61743919,78.11997023,Orange,1
banana,45.80193476,81.65826775,Blue,1
Clock (2:00),45.81424531,31.05697967,Pink,2
banana,45.83502017,82.74259199,Blue,1
banana,45.85966932,17.12890368,Blue,1
banana,45.87036917,17.48939337,Orange,1
polygons (15 sides),46.08227578,23.11045782,Grey,5
polygons (11 sides),46.12768634,30.44941078,Grey,22
banana,46.1538,94.4872,Yellow ,1
banana,46.1538,6.0256,Yellow ,1
polygons (11 sides),46.2381176,30.49561294,Grey,22
Clock (2:00),46.28063196,68.02842315,Pink,2
polygons (15 sides),46.59276797,84.97238278,Grey,5
Clock (2:00),46.64311927,31.40721906,Pink,2
banana,46.6667,54.1026,Yellow ,1
polygons (11 sides),46.6883405,10.50753214,Grey,22
polygons (15 sides),46.84485517,36.79171369,Grey,5
banana,46.9231,79.8718,Yellow ,1
banana,46.96246199,78.666559,Orange,1
banana,46.96578576,16.78920162,Blue,1
polygons (11 sides),47.05412988,90.45893603,Grey,22
banana,47.09372989,26.99347063,Blue,1
Clock (2:00),47.13012716,31.30990292,Pink,2
Clock (2:00),47.14278893,32.02506417,Pink,2
Pentagon ,47.15540481,22.37793253,Yellow,5
banana,47.1795,28.718,Yellow ,1
banana,47.1795,9.8718,Yellow ,1
banana,47.34801855,72.59161154,Blue,1
banana,47.35241646,17.13474543,Orange,1
banana,47.4359,16.0256,Yellow ,1
polygons (15 sides),47.48813268,85.38993338,Grey,5
banana,47.54950635,17.07140452,Orange,1
Clock (2:00),47.5521602,66.46040372,Pink,2
banana,47.87519834,78.67585343,Orange,1
polygons (11 sides),47.91695544,30.48672575,Grey,22
banana,47.9487,77.5641,Yellow ,1
banana,47.9487,95,Yellow ,1
banana,48.2051,38.3333,Yellow ,1
banana,48.2051,84.1026,Yellow ,1
banana,48.25348097,29.27085553,Blue,1
polygons (11 sides),48.4422995,30.50172278,Grey,22
Clock (2:00),48.53062937,34.15245001,Pink,2
banana,48.55981672,78.7883706,Orange,1
banana,48.562223,78.78238353,Orange,1
Clock (2:00),48.66492462,64.96100494,Pink,2
banana,48.7179,14.8718,Yellow ,1
banana,48.7179,11.0256,Yellow ,1
polygons (15 sides),48.8231975,76.63533058,Grey,5
banana,48.89055576,16.80654352,Orange,1
polygons (15 sides),48.90704296,74.28774883,Grey,5
banana,48.91461824,16.79863708,Orange,1
polygons (15 sides),48.9604602,72.62952573,Grey,5
banana,49.0187554,23.48927402,Blue,1
Pentagon ,49.11615686,63.66000062,Yellow,5
polygons (15 sides),49.25721834,81.88140323,Grey,5
banana,49.31046863,67.16876032,Blue,1
banana,49.36770682,22.0055807,Blue,1
Pentagon ,49.47110541,25.06301931,Yellow,5
banana,49.4872,42.1795,Yellow ,1
banana,49.4872,31.4103,Yellow ,1
banana,49.57091141,79.03812388,Orange,1
banana,49.58423926,16.75791601,Blue,1
polygons (11 sides),49.58584348,50.43498138,Grey,22
polygons (11 sides),49.65612629,50.43131987,Grey,22
Clock (2:00),49.65929394,36.27344274,Pink,2
Clock (3:00),49.68886384,42.01851441,Grey,3000
polygons (11 sides),49.73974533,30.47272489,Grey,22
banana,49.7436,17.5641,Yellow ,1
polygons (11 sides),49.74949841,10.48580291,Grey,22
polygons (11 sides),49.78694106,89.65804699,Grey,22
banana,49.83849299,16.67633028,Orange,1
Clock (3:00),49.91289859,55.58783891,Grey,3000
Clock (3:00),49.91905825,3.716853886,Grey,3000
Clock (3:00),49.92274192,38.44047291,Grey,3000
pentagon ,49.92838028,82.99366549,Neon Green,6
Clock (3:00),49.93412717,22.25613974,Grey,3000
Clock (3:00),49.94723996,48.22957673,Grey,3000
pentagon ,49.96490538,83.7083177,Neon Green,6
banana,49.96755118,28.46020333,Blue,1
pentagon ,49.99039495,83.99735692,Neon Green,6
banana,50,55.2564,Yellow ,1
banana,50,85.2564,Yellow ,1
banana,50,78.718,Yellow ,1
banana,50,95.7692,Yellow ,1
Clock (3:00),50.01630583,16.25368479,Grey,3000
banana,50.03225379,79.0130712,Orange,1
Clock (3:00),50.06310413,58.08503756,Grey,3000
pentagon ,50.06948192,83.05766953,Neon Green,6
Clock (3:00),50.08366451,10.2358819,Grey,3000
Clock (3:00),50.08705836,73.95187363,Grey,3000
Clock (3:00),50.0936501,11.60771342,Grey,3000
Clock (3:00),50.1040315,95.08853802,Grey,3000
Clock (3:00),50.10843997,18.25904434,Grey,3000
Clock (3:00),50.11563217,16.69400655,Grey,3000
pentagon ,50.12718203,82.99075,Neon Green,6
Clock (3:00),50.14439298,47.01428364,Grey,3000
banana,50.15741443,71.16172582,Blue,1
Clock (3:00),50.17317743,29.17786439,Grey,3000
pentagon ,50.17867185,83.18462233,Neon Green,6
Clock (3:00),50.17985013,36.80755934,Grey,3000
Clock (3:00),50.18670334,99.69468014,Grey,3000
Clock (3:00),50.2023181,47.212948,Grey,3000
pentagon ,50.20336581,82.98265686,Neon Green,6
Clock (3:00),50.20525897,57.92421717,Grey,3000
Clock (3:00),50.20540696,90.6405359,Grey,3000
pentagon ,50.2074802,85.4600474,Neon Green,6
Clock (3:00),50.20774112,73.11450352,Grey,3000
Clock (3:00),50.21088198,80.94177171,Grey,3000
pentagon ,50.21669503,83.75234297,Neon Green,6
Clock (3:00),50.23107188,80.64738706,Grey,3000
Clock (3:00),50.2347207,20.40447292,Grey,3000
Clock (3:00),50.25047086,71.95138521,Grey,3000
Clock (3:00),50.25300672,11.30208425,Grey,3000
Clock (3:00),50.25368369,81.74382872,Grey,3000
Clock (3:00),50.27493261,49.62349934,Grey,3000
Clock (3:00),50.27970164,15.60873757,Grey,3000
Clock (3:00),50.28240567,97.60998357,Grey,3000
Clock (3:00),50.28799443,12.87228221,Grey,3000
pentagon ,50.2885278,82.97525357,Neon Green,6
Clock (3:00),50.28881861,13.43641047,Grey,3000
Clock (3:00),50.31129937,26.86048827,Grey,3000
Clock (3:00),50.32592439,94.99463085,Grey,3000
Clock (3:00),50.32691086,90.02205349,Grey,3000
Clock (3:00),50.33348111,43.58867148,Grey,3000
Clock (3:00),50.33736264,40.91338614,Grey,3000
Clock (3:00),50.33742749,57.95531428,Grey,3000
Clock (3:00),50.33942548,18.72345069,Grey,3000
Pentagon ,50.33996967,26.47139661,Yellow,5
Clock (3:00),50.35226084,12.46860053,Grey,3000
pentagon ,50.35352141,17.06474308,Neon Green,6
Clock (3:00),50.37351885,82.21920572,Grey,3000
Clock (3:00),50.37405205,32.91824062,Grey,3000
Clock (3:00),50.37740199,16.50601506,Grey,3000
pentagon ,50.3782623,16.94627981,Neon Green,6
Clock (3:00),50.39940961,38.96383892,Grey,3000
Clock (3:00),50.41027163,98.62836944,Grey,3000
Clock (3:00),50.41647723,97.26969196,Grey,3000
Clock (3:00),50.4189792,60.52491173,Grey,3000
Clock (3:00),50.4209092,43.3479569,Grey,3000
pentagon ,50.42269806,82.90990147,Neon Green,6
Clock (3:00),50.43531516,56.43932247,Grey,3000
pentagon ,50.43552957,17.0651685,Neon Green,6
Clock (3:00),50.43829066,92.35476027,Grey,3000
Clock (3:00),50.43909202,37.6707718,Grey,3000
pentagon ,50.44380279,82.94182882,Neon Green,6
Clock (3:00),50.44411755,75.01329951,Grey,3000
Clock (3:00),50.44675142,57.23058894,Grey,3000
Clock (3:00),50.44830134,21.64025646,Grey,3000
pentagon ,50.44927033,83.96992038,Neon Green,6
Clock (3:00),50.45620733,89.98741013,Grey,3000
pentagon ,50.45885484,17.03857897,Neon Green,6
pentagon ,50.46422483,82.93532841,Neon Green,6
Clock (3:00),50.46722938,90.28146451,Grey,3000
Clock (3:00),50.46822122,13.35670246,Grey,3000
Clock (3:00),50.47414112,12.46199667,Grey,3000
pentagon ,50.47704772,17.04828941,Neon Green,6
Clock (3:00),50.48150817,93.22270137,Grey,3000
pentagon ,50.48801364,83.09951912,Neon Green,6
Clock (3:00),50.48990237,39.20541197,Grey,3000
banana,50.49224751,78.99753207,Orange,1
Clock (3:00),50.49757224,7.409625234,Grey,3000
pentagon ,50.50139658,17.10577072,Neon Green,6
banana,50.5128,9.4872,Yellow ,1
pentagon ,50.51712581,89.10239459,Neon Green,6
pentagon ,50.53363501,17.01958137,Neon Green,6
pentagon ,50.55127806,17.08465518,Neon Green,6
pentagon ,50.55975806,17.09388377,Neon Green,6
pentagon ,50.56284634,82.93782178,Neon Green,6
Clock (2:00),50.56324448,62.62382797,Pink,2
pentagon ,50.56484556,17.07777732,Neon Green,6
banana,50.56493381,79.07729855,Orange,1
polygons (15 sides),50.58396311,71.8066161,Grey,5
pentagon ,50.63098196,17.07652235,Neon Green,6
Clock (2:00),50.64922115,37.48379074,Pink,2
pentagon ,50.65835477,83.11447934,Neon Green,6
pentagon ,50.66177956,17.07814052,Neon Green,6
pentagon ,50.69112419,87.51396042,Neon Green,6
pentagon ,50.69985064,17.08518438,Neon Green,6
pentagon ,50.70468436,17.02374454,Neon Green,6
pentagon ,50.71137854,17.08831585,Neon Green,6
pentagon ,50.72525854,16.90746981,Neon Green,6
pentagon ,50.73367454,16.99296341,Neon Green,6
polygons (11 sides),50.74516224,10.52490557,Grey,22
pentagon ,50.75210826,82.9019501,Neon Green,6
banana,50.75389841,76.75412895,Blue,1
pentagon ,50.78515721,17.18019648,Neon Green,6
pentagon ,50.79235473,17.20421434,Neon Green,6
pentagon ,50.81197535,17.11492526,Neon Green,6
pentagon ,50.8127449,16.57271805,Neon Green,6
banana,50.81548536,78.95083881,Blue,1
Clock (2:00),50.84330462,37.7446281,Pink,2
polygons (15 sides),50.85063364,13.98760163,Grey,5
pentagon ,50.86268433,17.14563109,Neon Green,6
polygons (11 sides),50.87848838,10.50308987,Grey,22
pentagon ,50.89149225,17.14132373,Neon Green,6
banana,50.89252158,29.14528394,Blue,1
pentagon ,50.91894087,17.14760476,Neon Green,6
pentagon ,50.9295477,82.84604113,Neon Green,6
pentagon ,50.93930391,16.98102188,Neon Green,6
Clock (2:00),50.94238231,62.09739394,Pink,2
pentagon ,51.01423296,17.22109553,Neon Green,6
banana,51.0256,44.1026,Yellow ,1
pentagon ,51.0668072,17.20885971,Neon Green,6
Clock (2:00),51.10031736,38.09569998,Pink,2
pentagon ,51.14791671,90.86741233,Neon Green,6
banana,51.17053689,79.16529411,Orange,1
banana,51.18346666,85.12885465,Blue,1
pentagon ,51.25091965,17.24045586,Neon Green,6
pentagon ,51.26387123,17.16234971,Neon Green,6
banana,51.27439182,82.81798294,Blue,1
banana,51.2821,78.718,Yellow ,1
banana,51.2821,14.8718,Yellow ,1
banana,51.28845866,82.43593984,Orange,1
Clock (2:00),51.34602714,61.60055304,Pink,2
banana,51.34788323,27.36426023,Blue,1
polygons (11 sides),51.40678679,89.71213855,Grey,22
banana,51.45365835,26.02294175,Blue,1
banana,51.46710114,79.20184458,Orange,1
banana,51.47345851,79.159867,Orange,1
banana,51.5385,96.0256,Yellow ,1
banana,51.5385,34.8718,Yellow ,1
banana,51.5669948,16.48571364,Orange,1
banana,51.66378626,19.9251252,Blue,1
polygons (11 sides),51.68030044,89.99702755,Grey,22
pentagon ,51.73728166,92.97911753,Neon Green,6
polygons (11 sides),51.74908916,30.47299334,Grey,22
banana,51.81166378,17.0334946,Blue,1
polygons (11 sides),51.82026255,89.8341304,Grey,22
polygons (11 sides),51.82812745,70.35264921,Grey,22
pentagon ,51.83563726,52.33576553,Neon Green,6
banana,51.85629997,21.96908401,Blue,1
polygons (11 sides),51.86789377,50.49327326,Grey,22
polygons (11 sides),51.89416639,30.49475568,Grey,22
pentagon ,51.92759021,52.25779061,Neon Green,6
banana,51.9829247,82.20438347,Blue,1
pentagon ,52.02521411,52.12301105,Neon Green,6
pentagon ,52.02884867,52.1768375,Neon Green,6
polygons (15 sides),52.03345628,64.56666203,Grey,5
banana,52.0513,12.5641,Yellow ,1
banana,52.08175556,16.45387453,Orange,1
Clock (2:00),52.13190194,39.36460208,Pink,2
pentagon ,52.18418011,51.97525067,Neon Green,6
banana,52.18811996,16.41821747,Orange,1
Clock (2:00),52.1898883,39.36779649,Pink,2
polygons (11 sides),52.20389393,10.49563692,Grey,22
pentagon ,52.26334738,94.24932783,Neon Green,6
banana,52.3077,18.3333,Yellow ,1
pentagon ,52.33156913,51.87886035,Neon Green,6
pentagon ,52.34282206,51.86195209,Neon Green,6
banana,52.35810536,19.41705412,Blue,1
polygons (11 sides),52.36033107,89.70431701,Grey,22
polygons (11 sides),52.41892192,10.49590636,Grey,22
polygons (15 sides),52.49440678,16.0511142,Grey,5
pentagon ,52.50008894,51.59435617,Neon Green,6
pentagon ,52.50930089,51.41620515,Neon Green,6
pentagon ,52.52055249,51.5024421,Neon Green,6
banana,52.53553472,27.17412294,Blue,1
banana,52.5641,46.0256,Yellow ,1
pentagon ,52.58971986,51.3380902,Neon Green,6
pentagon ,52.59281837,51.39159152,Neon Green,6
Clock (2:00),52.63096423,59.96393579,Pink,2
pentagon ,52.63565768,51.41855226,Neon Green,6
banana,52.64613731,16.38483638,Orange,1
banana,52.6840664,16.40796278,Orange,1
pentagon ,52.68495344,51.29446922,Neon Green,6
pentagon ,52.71377449,51.19794432,Neon Green,6
pentagon ,52.72924658,51.20176505,Neon Green,6
banana,52.75122222,79.29365993,Orange,1
pentagon ,52.79209735,51.07339565,Neon Green,6
pentagon ,52.79773294,50.68603709,Neon Green,6
polygons (11 sides),52.80197936,90.08806451,Grey,22
banana,52.81122164,17.85498812,Blue,1
banana,52.82501719,85.57813388,Orange,1
banana,52.83382053,72.55188627,Blue,1
pentagon ,52.88116479,50.62155476,Neon Green,6
pentagon ,52.88431329,50.44143545,Neon Green,6
pentagon ,52.90136407,50.69056272,Neon Green,6
Clock (2:00),52.94517809,40.38462569,Pink,2
pentagon ,52.95260731,50.07473901,Neon Green,6
Pentagon ,52.97069128,29.04019669,Yellow,5
polygons (11 sides),52.97671232,10.85949028,Grey,22
polygons (11 sides),53.0427983,50.48750387,Grey,22
banana,53.0769,55.641,Yellow ,1
banana,53.0769,85.2564,Yellow ,1
banana,53.08124169,79.29725077,Orange,1
polygons (11 sides),53.09655736,89.54024371,Grey,22
polygons (11 sides),53.11691504,10.5068606,Grey,22
polygons (15 sides),53.25912941,97.4757711,Grey,5
banana,53.28396884,84.26359922,Blue,1
Clock (2:00),53.30450317,40.88384455,Pink,2
polygons (11 sides),53.36656687,90.20803001,Grey,22
polygons (15 sides),53.42146288,26.18688039,Grey,5
banana,53.569905,16.33971255,Orange,1
banana,53.5897,37.5641,Yellow ,1
banana,53.71967657,79.30693617,Orange,1
polygons (11 sides),53.74899007,10.52257453,Grey,22
banana,53.77146068,79.30293164,Orange,1
banana,53.84619403,16.3873181,Orange,1
banana,53.8462,80.641,Yellow ,1
banana,53.8462,10.2564,Yellow ,1
banana,54.1026,14.8718,Yellow ,1
banana,54.11453178,17.67353439,Blue,1
Clock (2:00),54.17124157,58.0598079,Pink,2
banana,54.20023232,79.32500234,Orange,1
banana,54.22284562,19.50366554,Blue,1
banana,54.25640238,79.31386485,Orange,1
Pentagon ,54.41309365,78.22908659,Yellow,5
Pentagon ,54.57572859,77.53628847,Yellow,5
Pentagon ,54.62095259,30.34452445,Yellow,5
Clock (2:00),54.63620644,57.49384244,Pink,2
polygons (11 sides),54.68098658,89.96459946,Grey,22
banana,54.76115612,16.3661891,Orange,1
polygons (11 sides),54.8103005,10.72492928,Grey,22
polygons (11 sides),54.85463095,10.46391519,Grey,22
banana,54.8718,49.8718,Yellow ,1
polygons (11 sides),54.92484256,10.49833194,Grey,22
Pentagon ,55.0745059,79.81754642,Yellow,5
banana,55.1282,40.641,Yellow ,1
banana,55.1282,18.3333,Yellow ,1
banana,55.12963938,16.35324687,Orange,1
polygons (15 sides),55.13873797,30.72576036,Grey,5
Pentagon ,55.31550906,80.25186069,Yellow,5
banana,55.3846,97.1795,Yellow ,1
banana,55.3846,86.0256,Yellow ,1
banana,55.40652083,80.26667197,Blue,1
banana,55.57111973,17.36957458,Blue,1
banana,55.66295874,83.35647962,Orange,1
polygons (11 sides),55.74709281,50.4789748,Grey,22
banana,55.83963137,21.61856967,Blue,1
banana,55.95288863,16.7897576,Blue,1
banana,55.99303015,79.2772637,Orange,1
banana,56.1538,82.9487,Yellow ,1
banana,56.1538,14.1026,Yellow ,1
Pentagon ,56.17139753,32.11798877,Yellow,5
polygons (11 sides),56.23387566,89.63530816,Grey,22
banana,56.24793514,83.51394949,Blue,1
banana,56.26583426,79.25293949,Orange,1
banana,56.36515326,16.32654637,Orange,1
banana,56.45143367,79.24710702,Orange,1
banana,56.45937113,25.14456421,Blue,1
banana,56.47538337,79.1678401,Orange,1
Pentagon ,56.53133729,87.49981107,Yellow,5
Pentagon ,56.53812645,32.44424547,Yellow,5
polygons (15 sides),56.58415302,70.51251481,Grey,5
Pentagon ,56.59442132,86.92700622,Yellow,5
banana,56.60890766,70.40894609,Blue,1
polygons (11 sides),56.6189103,50.50337402,Grey,22
Pentagon ,56.6365087,85.63749556,Yellow,5
Pentagon ,56.66397408,87.94012501,Yellow,5
banana,56.6667,56.0256,Yellow ,1
banana,56.6667,42.1795,Yellow ,1
banana,56.6667,86.0256,Yellow ,1
banana,56.6667,40.641,Yellow ,1
polygons (11 sides),56.77214957,10.50327235,Grey,22
banana,56.78910436,17.30611552,Blue,1
polygons (11 sides),56.82839534,89.58366473,Grey,22
banana,56.92583942,79.20631862,Orange,1
polygons (11 sides),57.04980182,10.50813694,Grey,22
polygons (11 sides),57.05330614,10.51406924,Grey,22
banana,57.07589242,79.19392254,Orange,1
Clock (2:00),57.13485535,53.8779658,Pink,2
banana,57.14093593,16.59861054,Orange,1
banana,57.14469469,79.19410259,Orange,1
Pentagon ,57.27837287,89.90760672,Yellow,5
polygons (11 sides),57.31069687,50.48251329,Grey,22
banana,57.33790605,84.99951887,Blue,1
banana,57.4359,55.2564,Yellow ,1
banana,57.4359,10.2564,Yellow ,1
polygons (15 sides),57.46605055,1.504418175,Grey,5
Pentagon ,57.48944777,88.08528556,Yellow,5
Pentagon ,57.54947408,90.74890656,Yellow,5
banana,57.61323355,83.9051708,Blue,1
Pentagon ,57.61467439,33.82244765,Yellow,5
polygons (15 sides),57.61744782,8.194800603,Grey,5
banana,57.66227662,24.06060793,Blue,1
Pentagon ,57.82178923,90.69316655,Yellow,5
banana,57.90226605,79.08086782,Orange,1
polygons (11 sides),57.90268661,89.61840173,Grey,22
Pentagon ,57.91466448,89.95380277,Yellow,5
banana,57.9487,99.4872,Yellow ,1
Pentagon ,57.99780474,92.15990861,Yellow,5
Pentagon ,58.02451401,91.69442117,Yellow,5
Pentagon ,58.08202049,92.00814501,Yellow,5
banana,58.11876586,73.11896147,Blue,1
Pentagon ,58.19605369,92.21498865,Yellow,5
banana,58.21000827,68.04453807,Blue,1
Pentagon ,58.21360826,91.88189151,Yellow,5
Pentagon ,58.22161273,90.41101877,Yellow,5
polygons (11 sides),58.23909552,10.49489903,Grey,22
Pentagon ,58.2431719,92.10432787,Yellow,5
polygons (11 sides),58.246553,50.44287449,Grey,22
Pentagon ,58.24939106,92.12968148,Yellow,5
banana,58.27041238,35.59689504,Blue,1
polygons (11 sides),58.27227859,69.90027296,Grey,22
Pentagon ,58.38212449,90.55347607,Yellow,5
Pentagon ,58.46183859,90.26532639,Yellow,5
banana,58.50591009,81.74558634,Blue,1
banana,58.52828954,78.97870425,Orange,1
banana,58.57213547,16.64270381,Orange,1
polygons (11 sides),58.66937326,30.50683789,Grey,22
Pentagon ,58.672288,90.07716031,Yellow,5
banana,58.67266308,16.66337243,Orange,1
banana,58.7179,18.3333,Yellow ,1
Pentagon ,58.71823072,90.31053209,Yellow,5
polygons (11 sides),58.82154659,70.45578175,Grey,22
banana,58.83912512,16.63763522,Orange,1
polygons (15 sides),58.91246032,75.66775622,Grey,5
banana,58.98825385,78.91725896,Orange,1
banana,59.00075862,21.17100749,Blue,1
banana,59.06742702,26.78828402,Blue,1
banana,59.19115913,17.76790181,Blue,1
banana,59.2308,57.9487,Yellow ,1
banana,59.2308,44.4872,Yellow ,1
banana,59.2308,38.3333,Yellow ,1
polygons (11 sides),59.43551748,50.42063261,Grey,22
Pentagon ,59.52992846,88.32727415,Yellow,5
Pentagon ,59.65215837,87.80946159,Yellow,5
polygons (11 sides),59.75149741,89.73193252,Grey,22
banana,59.76653031,32.6212516,Blue,1
polygons (15 sides),59.83218542,69.15250814,Grey,5
banana,59.84692489,26.17771249,Blue,1
polygons (15 sides),59.85183839,72.95839097,Grey,5
polygons (11 sides),59.85257703,10.54318778,Grey,22
banana,59.96705791,26.80258322,Blue,1
banana,60,10.641,Yellow ,1
polygons (11 sides),60.18692784,70.48355125,Grey,22
banana,60.34979352,78.72944587,Orange,1
banana,60.67392092,17.05180236,Orange,1
banana,60.75578914,17.03323151,Orange,1
banana,60.7692,33.718,Yellow ,1
banana,60.78797008,17.04620486,Orange,1
banana,60.8065608,27.86831349,Blue,1
banana,60.9815014,23.93429816,Blue,1
banana,61.00295976,30.01531443,Blue,1
banana,61.12446324,17.11635336,Orange,1
banana,61.13594691,82.53756936,Blue,1
banana,61.2821,62.1795,Yellow ,1
banana,61.2821,19.1026,Yellow ,1
banana,61.41463372,31.03937506,Blue,1
banana,61.5385,66.4103,Yellow ,1
banana,61.72061919,85.70569345,Blue,1
banana,61.72763341,77.06923841,Blue,1
banana,61.7949,69.1026,Yellow ,1
banana,61.7949,99.1026,Yellow ,1
banana,61.81858546,76.11282402,Blue,1
banana,61.82654656,17.26965545,Orange,1
polygons (15 sides),61.85646511,71.79274316,Grey,5
Clock (2:00),61.9080397,53.19035207,Pink,2
banana,61.91560964,17.28219122,Orange,1
Pentagon ,62.10561863,75.99087076,Yellow,5
banana,62.19225208,76.15681921,Blue,1
polygons (15 sides),62.21352455,21.475839,Grey,5
banana,62.3077,46.0256,Yellow ,1
banana,62.33623276,83.2465679,Blue,1
polygons (15 sides),62.39118056,5.623070761,Grey,5
Pentagon ,62.49014932,74.58428961,Yellow,5
polygons (15 sides),62.51689085,66.48473224,Grey,5
Pentagon ,62.56675904,77.74393476,Yellow,5
banana,62.68567125,78.17474327,Orange,1
polygons (11 sides),62.68569044,30.54642456,Grey,22
banana,62.70745411,21.99550858,Blue,1
polygons (15 sides),62.83329309,62.51089423,Grey,5
polygons (15 sides),62.93445937,31.9163907,Grey,5
polygons (11 sides),63.01860093,30.49258193,Grey,22
Pentagon ,63.05599091,29.70909567,Yellow,5
banana,63.06524386,34.23574659,Blue,1
banana,63.0769,29.1026,Yellow ,1
banana,63.0769,19.1026,Yellow ,1
banana,63.09022514,78.0414095,Orange,1
polygons (15 sides),63.25019706,65.9524862,Grey,5
polygons (11 sides),63.30955403,10.48881424,Grey,22
banana,63.35648811,17.72406884,Orange,1
banana,63.39471287,17.70053514,Orange,1
Clock (2:00),63.40380601,44.84749369,Pink,2
polygons (15 sides),63.51498087,25.10007858,Grey,5
banana,63.60937986,83.36002884,Blue,1
Pentagon ,63.86895983,70.21373883,Yellow,5
polygons (15 sides),63.92020226,30.83219392,Grey,5
banana,64.01024068,17.92447819,Orange,1
banana,64.02084165,17.88358125,Orange,1
Pentagon ,64.0280813,27.67268551,Yellow,5
banana,64.06709621,27.77650056,Blue,1
banana,64.1026,25.2564,Yellow ,1
banana,64.1026,10.641,Yellow ,1
banana,64.24916065,14.91396246,Blue,1
banana,64.359,24.1026,Yellow ,1
polygons (15 sides),64.37379798,28.86258341,Grey,5
Clock (2:00),64.3979095,56.1748754,Pink,2
Pentagon ,64.40078719,67.44871845,Yellow,5
polygons (15 sides),64.40507526,78.58417608,Grey,5
polygons (15 sides),64.56826419,83.6396339,Grey,5
banana,64.61709853,22.44314555,Blue,1
polygons (11 sides),64.77479924,90.13231674,Grey,22
banana,64.80200945,18.21687863,Orange,1
banana,64.81286696,77.48693892,Orange,1
Clock (2:00),64.85203983,43.13373484,Pink,2
banana,64.8718,46.7949,Yellow ,1
banana,64.8718,97.5641,Yellow ,1
Pentagon ,64.89278794,65.81417676,Yellow,5
polygons (15 sides),64.93743554,81.55420499,Grey,5
polygons (11 sides),64.96973826,10.48215951,Grey,22
banana,65.02593981,18.2878245,Orange,1
Clock (2:00),65.02779371,57.09625735,Pink,2
Pentagon ,65.09904439,27.24155756,Yellow,5
banana,65.11812196,77.39918845,Orange,1
polygons (15 sides),65.21991355,84.68295493,Grey,5
banana,65.2230304,18.39719512,Orange,1
banana,65.3064625,18.19735483,Blue,1
banana,65.31504391,18.3337483,Orange,1
Clock (2:00),65.37154887,42.69597132,Pink,2
Clock (2:00),65.40083415,42.61403204,Pink,2
polygons (11 sides),65.41448705,10.68184013,Grey,22
polygons (15 sides),65.4759522,14.27458564,Grey,5
Clock (2:00),65.53078147,42.2810847,Pink,2
banana,65.59236265,20.6941731,Blue,1
polygons (15 sides),65.62365744,15.58280335,Grey,5
banana,65.75555154,18.51621583,Orange,1
banana,65.80721903,18.14076495,Orange,1
banana,65.8974,20.2564,Yellow ,1
polygons (11 sides),65.94931927,50.49424079,Grey,22
polygons (15 sides),65.95359519,31.14740608,Grey,5
polygons (15 sides),65.97085702,72.744856,Grey,5
polygons (11 sides),65.99527272,30.47502419,Grey,22
banana,66.0937202,77.01781826,Orange,1
Pentagon ,66.2878906,26.11710975,Yellow,5
polygons (15 sides),66.45490366,19.83662865,Grey,5
Clock (2:00),66.51292446,59.07128185,Pink,2
polygons (15 sides),66.704944,32.01509543,Grey,5
polygons (11 sides),66.76325739,70.47386171,Grey,22
polygons (11 sides),66.76994662,70.42337521,Grey,22
banana,66.9231,10.641,Yellow ,1
banana,66.94167666,18.24350939,Blue,1
banana,66.94329143,20.1891325,Blue,1
banana,66.99074915,17.22287065,Blue,1
polygons (11 sides),67.088559,30.49452395,Grey,22
polygons (11 sides),67.21483712,70.26002844,Grey,22
polygons (15 sides),67.26940048,18.70896837,Grey,5
polygons (15 sides),67.3724659,29.7204002,Grey,5
polygons (15 sides),67.6707164,37.11094797,Grey,5
polygons (15 sides),67.75979625,72.42120153,Grey,5
polygons (11 sides),67.87088729,70.06802613,Grey,22
Pentagon ,67.88171962,24.23601841,Yellow,5
banana,67.9487,47.9487,Yellow ,1
banana,67.9487,22.1795,Yellow ,1
banana,67.9487,8.718,Yellow ,1
polygons (11 sides),67.96804811,50.45215891,Grey,22
polygons (15 sides),67.98053881,80.95716522,Grey,5
banana,68.08560586,76.1123175,Orange,1
banana,68.2051,2.9487,Yellow ,1
polygons (15 sides),68.23076899,80.87250166,Grey,5
polygons (11 sides),68.40301004,50.49862723,Grey,22
banana,68.4615,94.1026,Yellow ,1
banana,68.4615,5.2564,Yellow ,1
polygons (15 sides),68.50770819,15.45691897,Grey,5
Clock (2:00),68.68659329,62.23734399,Pink,2
banana,68.7456313,75.79005545,Orange,1
banana,68.89278402,20.03244884,Orange,1
banana,68.93436947,31.61989309,Blue,1
Clock (2:00),68.94207546,62.63515058,Pink,2
Pentagon ,68.98808443,63.23214731,Yellow,5
banana,69.1952352,22.70979217,Blue,1
Clock (3:00),69.19905771,60.41895732,Grey,3000
polygons (11 sides),69.23941796,30.50600524,Grey,22
polygons (15 sides),69.35955946,65.5213546,Grey,5
banana,69.4872,69.4872,Yellow ,1
Clock (3:00),69.4875894,81.83598756,Grey,3000
Clock (3:00),69.49438031,52.61241071,Grey,3000
Clock (3:00),69.4957555,58.78507316,Grey,3000
Clock (3:00),69.49897007,92.12048993,Grey,3000
Clock (3:00),69.49947887,16.33746998,Grey,3000
Clock (3:00),69.49948683,10.20782668,Grey,3000
Clock (3:00),69.49976693,84.47968329,Grey,3000
Clock (3:00),69.50011149,11.79162601,Grey,3000
Clock (3:00),69.50026475,27.13602399,Grey,3000
Clock (3:00),69.50104452,5.955833539,Grey,3000
Clock (3:00),69.50345741,16.87831327,Grey,3000
Clock (3:00),69.50347452,17.16908977,Grey,3000
Clock (3:00),69.50380137,81.81540562,Grey,3000
Clock (3:00),69.50415652,23.6689181,Grey,3000
Clock (3:00),69.50437629,70.49344382,Grey,3000
Clock (3:00),69.50481542,15.61435826,Grey,3000
Clock (3:00),69.50507067,33.7401525,Grey,3000
Clock (3:00),69.5057889,59.28492483,Grey,3000
Clock (3:00),69.50647195,22.72866287,Grey,3000
Clock (3:00),69.50668432,68.08446679,Grey,3000
Clock (3:00),69.51010693,61.32962443,Grey,3000
Clock (3:00),69.51257301,61.49756395,Grey,3000
banana,69.51358316,20.27935789,Orange,1
Clock (3:00),69.51867275,15.18048643,Grey,3000
Clock (3:00),69.51909526,11.4226857,Grey,3000
Clock (3:00),69.51911573,71.11596722,Grey,3000
Clock (3:00),69.51933976,47.38453371,Grey,3000
Clock (3:00),69.5202566,97.19387602,Grey,3000
Clock (3:00),69.52463598,2.73476017,Grey,3000
Clock (3:00),69.52506938,93.59805021,Grey,3000
Clock (3:00),69.52632289,56.99527913,Grey,3000
Clock (3:00),69.52752968,9.992296666,Grey,3000
Clock (3:00),69.52861566,91.62208824,Grey,3000
Clock (3:00),69.52918261,57.84126668,Grey,3000
Clock (3:00),69.53227958,21.85090082,Grey,3000
Clock (3:00),69.53407098,64.89297733,Grey,3000
Clock (3:00),69.55067898,9.032987569,Grey,3000
Clock (3:00),69.55109144,58.40109827,Grey,3000
Clock (3:00),69.56189943,15.99980379,Grey,3000
Clock (3:00),69.57986705,21.93523675,Grey,3000
Pentagon ,69.64702143,44.04444502,Yellow,5
Pentagon ,69.89581924,43.45375927,Yellow,5
polygons (11 sides),69.9647805,10.50723293,Grey,22
banana,69.96773412,20.53898878,Orange,1
polygons (15 sides),70.04054358,77.1438066,Grey,5
polygons (15 sides),70.06892594,7.593465609,Grey,5
polygons (11 sides),70.08686977,30.51004482,Grey,22
banana,70.1028045,75.68320685,Orange,1
Clock (2:00),70.11803414,36.44818479,Pink,2
polygons (15 sides),70.24254644,24.10959755,Grey,5
polygons (15 sides),70.28950572,82.53364859,Grey,5
banana,70.32792918,82.0293547,Blue,1
Clock (2:00),70.47226261,36.08805306,Pink,2
banana,70.5128,53.718,Yellow ,1
polygons (11 sides),70.5382006,30.48355825,Grey,22
polygons (11 sides),70.56828982,50.49623612,Grey,22
Pentagon ,70.59589286,41.96474387,Yellow,5
polygons (11 sides),70.60594551,90.04206196,Grey,22
banana,70.72371623,87.15220752,Blue,1
banana,70.7692,91.0256,Yellow ,1
polygons (11 sides),70.78645116,10.51369504,Grey,22
banana,70.81041484,79.35046183,Blue,1
polygons (11 sides),70.81069225,89.59265401,Grey,22
polygons (11 sides),70.8444476,89.92420902,Grey,22
banana,70.86333083,79.40817475,Blue,1
polygons (11 sides),70.94684907,50.47270179,Grey,22
Pentagon ,70.96013623,41.25950129,Yellow,5
banana,70.9805804,17.15575228,Blue,1
banana,70.98194099,21.1458881,Orange,1
banana,71.2821,22.9487,Yellow ,1
banana,71.2821,10.641,Yellow ,1
Clock (2:00),71.48290969,34.68051699,Pink,2
banana,71.5385,60.641,Yellow ,1
banana,71.5385,64.4872,Yellow ,1
Clock (2:00),71.56918885,34.69921861,Pink,2
polygons (15 sides),71.69786512,10.86814451,Grey,5
polygons (15 sides),71.76831892,20.01106184,Grey,5
polygons (15 sides),71.79076769,71.06546666,Grey,5
Clock (2:00),71.826653,65.68623036,Pink,2
Clock (2:00),71.86701316,34.32915759,Pink,2
polygons (15 sides),71.96416711,41.87428267,Grey,5
polygons (15 sides),71.96508265,17.71023594,Grey,5
polygons (15 sides),72.04638946,12.91800673,Grey,5
banana,72.0513,86.4103,Yellow ,1
polygons (15 sides),72.13992541,0.015119325,Grey,5
banana,72.15671894,16.81427479,Blue,1
Pentagon ,72.17582431,63.12892942,Yellow,5
banana,72.22208221,19.3692817,Blue,1
banana,72.27252287,67.64444379,Blue,1
polygons (11 sides),72.30200573,70.22043738,Grey,22
Clock (2:00),72.40935459,33.03925697,Pink,2
polygons (15 sides),72.50932836,39.54013025,Grey,5
Clock (2:00),72.65462316,66.87827761,Pink,2
banana,72.83362587,72.11469381,Blue,1
banana,72.95904687,22.51149983,Orange,1
banana,73.03183302,73.12057473,Orange,1
polygons (15 sides),73.05398996,29.38080856,Grey,5
polygons (11 sides),73.10514816,70.30051188,Grey,22
Clock (2:00),73.24200233,67.35327113,Pink,2
polygons (11 sides),73.33636816,70.31692717,Grey,22
banana,73.39615493,22.81624794,Orange,1
banana,73.50744773,22.85698876,Orange,1
banana,73.8462,83.3333,Yellow ,1
polygons (15 sides),74.02169391,76.12827451,Grey,5
Clock (2:00),74.07070003,68.47956429,Pink,2
Clock (2:00),74.11423087,71.92636352,Pink,2
polygons (15 sides),74.13833139,49.17391898,Grey,5
polygons (15 sides),74.18903668,68.13358322,Grey,5
polygons (15 sides),74.24770821,20.31418781,Grey,5
polygons (15 sides),74.30011983,42.47709459,Grey,5
banana,74.359,22.9487,Yellow ,1
banana,74.359,10.641,Yellow ,1
polygons (11 sides),74.64787823,30.67386286,Grey,22
polygons (11 sides),74.67825414,70.44531419,Grey,22
polygons (15 sides),74.74118133,21.1016372,Grey,5
pentagon ,74.82025396,82.96238879,Neon Green,6
polygons (15 sides),74.88502116,25.41660632,Grey,5
banana,75.00639264,82.42583516,Blue,1
pentagon ,75.04472578,17.00426226,Neon Green,6
banana,75.09254978,83.43739071,Blue,1
Clock (2:00),75.10773009,30.01698342,Pink,2
banana,75.1282,79.1026,Yellow ,1
Pentagon ,75.13071421,23.37244197,Yellow,5
pentagon ,75.14234148,16.75492389,Neon Green,6
pentagon ,75.1524592,17.0049424,Neon Green,6
pentagon ,75.16434049,83.03499717,Neon Green,6
pentagon ,75.19456687,82.93211578,Neon Green,6
pentagon ,75.19829529,83.46230334,Neon Green,6
pentagon ,75.2280532,82.98566202,Neon Green,6
pentagon ,75.23996998,17.03184749,Neon Green,6
pentagon ,75.24432621,83.90349738,Neon Green,6
pentagon ,75.26335555,82.9452793,Neon Green,6
Clock (2:00),75.28388701,24.87475317,Pink,2
pentagon ,75.28708772,16.17493491,Neon Green,6
pentagon ,75.29647509,17.01565319,Neon Green,6
pentagon ,75.32597855,15.77189199,Neon Green,6
banana,75.35988197,75.42161458,Blue,1
pentagon ,75.40052716,17.04110689,Neon Green,6
polygons (15 sides),75.40122686,88.63907662,Grey,5
pentagon ,75.44806251,17.04514941,Neon Green,6
polygons (11 sides),75.47722202,10.51856804,Grey,22
pentagon ,75.47933966,82.88405139,Neon Green,6
pentagon ,75.57395413,17.06219214,Neon Green,6
pentagon ,75.60588476,17.06772306,Neon Green,6
banana,75.67420733,24.78250097,Orange,1
banana,75.68657114,24.74151039,Orange,1
pentagon ,75.70104153,82.91945886,Neon Green,6
pentagon ,75.7465632,17.10571651,Neon Green,6
pentagon ,75.75938382,16.94292965,Neon Green,6
pentagon ,75.77145009,17.11125121,Neon Green,6
polygons (15 sides),75.77193879,69.82923003,Grey,5
banana,75.77990482,79.88619942,Blue,1
polygons (15 sides),75.85522947,62.51704429,Grey,5
pentagon ,75.87096369,88.38644174,Neon Green,6
pentagon ,75.87099084,17.13489391,Neon Green,6
pentagon ,75.89557705,17.16994971,Neon Green,6
Clock (2:00),75.94830064,22.74479591,Pink,2
pentagon ,75.96184009,16.69484223,Neon Green,6
Clock (2:00),75.9692852,29.03886538,Pink,2
Pentagon ,75.98266152,16.30692238,Yellow,5
polygons (11 sides),75.98710471,50.49196696,Grey,22
Pentagon ,76.05801375,16.38374969,Yellow,5
pentagon ,76.06355025,52.10465206,Neon Green,6
polygons (15 sides),76.0882258,59.67993002,Grey,5
Clock (2:00),76.10562903,95.30498058,Pink,2
polygons (15 sides),76.16691981,75.9361704,Grey,5
Pentagon ,76.18041653,15.91257375,Yellow,5
pentagon ,76.2431578,52.12368985,Neon Green,6
Clock (2:00),76.27129982,25.56954415,Pink,2
polygons (15 sides),76.35652215,10.41824113,Grey,5
banana,76.6667,75.2564,Yellow ,1
polygons (11 sides),76.69646563,50.49383056,Grey,22
Pentagon ,76.7318494,16.21684614,Yellow,5
banana,76.74568485,70.04405726,Blue,1
banana,76.74576122,71.97336009,Blue,1
polygons (11 sides),76.76591215,10.49699906,Grey,22
Clock (2:00),76.79113007,28.07200817,Pink,2
Pentagon ,76.82230426,15.59516532,Yellow,5
Clock (2:00),76.84069247,20.91854722,Pink,2
pentagon ,76.87808198,51.8675623,Neon Green,6
Clock (2:00),76.88857816,72.16547208,Pink,2
Pentagon ,76.94575724,15.85847833,Yellow,5
pentagon ,76.94850272,51.90751654,Neon Green,6
Clock (2:00),76.95325914,27.77061074,Pink,2
pentagon ,76.9954121,52.04552865,Neon Green,6
Clock (2:00),77.05224064,27.90563909,Pink,2
pentagon ,77.08333777,52.15779927,Neon Green,6
pentagon ,77.08448437,51.9671367,Neon Green,6
Clock (2:00),77.16362548,73.52371896,Pink,2
banana,77.20458932,69.31214977,Orange,1
Pentagon ,77.25265109,15.15151702,Yellow,5
pentagon ,77.25438834,51.46182482,Neon Green,6
pentagon ,77.31060048,51.74673004,Neon Green,6
polygons (15 sides),77.3178021,48.39834644,Grey,5
Pentagon ,77.33815817,15.89005466,Yellow,5
Pentagon ,77.34857166,15.77452924,Yellow,5
Pentagon ,77.39298249,63.37145906,Yellow,5
Pentagon ,77.41337528,15.22192798,Yellow,5
Pentagon ,77.49665175,14.94852356,Yellow,5
pentagon ,77.50090732,50.16698595,Neon Green,6
Pentagon ,77.54372007,15.25394915,Yellow,5
Pentagon ,77.57315269,14.78064583,Yellow,5
Pentagon ,77.58473984,15.83003939,Yellow,5
Pentagon ,77.60608655,15.16287254,Yellow,5
polygons (11 sides),77.62104913,10.49587423,Grey,22
Pentagon ,77.63465176,14.46185393,Yellow,5
pentagon ,77.68201632,51.16563781,Neon Green,6
banana,77.6923,71.4103,Yellow ,1
pentagon ,77.75641893,51.15177033,Neon Green,6
Clock (2:00),77.7815468,23.44721447,Pink,2
Pentagon ,77.86372643,14.61067765,Yellow,5
pentagon ,77.86405471,49.66254553,Neon Green,6
Pentagon ,77.89905795,51.82245833,Yellow,5
pentagon ,77.92604434,50.31866042,Neon Green,6
banana,77.93100493,68.69006188,Orange,1
pentagon ,77.95443505,50.47557897,Neon Green,6
Pentagon ,77.97261068,14.95569875,Yellow,5
polygons (15 sides),78.07942144,93.13331677,Grey,5
banana,78.09365907,77.75955818,Blue,1
Clock (2:00),78.12852205,23.13923184,Pink,2
banana,78.2051,10.641,Yellow ,1
banana,78.46460344,69.74930082,Blue,1
polygons (15 sides),78.61719534,52.57525731,Grey,5
polygons (11 sides),78.64248839,89.55120323,Grey,22
Pentagon ,78.75723614,53.33262001,Yellow,5
polygons (15 sides),78.77423904,35.48410121,Grey,5
Clock (2:00),78.78982525,25.59719335,Pink,2
Clock (2:00),79.00432686,10.62819777,Pink,2
Pentagon ,79.18678857,53.23479185,Yellow,5
Clock (2:00),79.20256268,92.40721563,Pink,2
Clock (2:00),79.22176444,22.09459148,Pink,2
Pentagon ,79.32607818,52.90039129,Yellow,5
polygons (15 sides),79.42838349,45.21079429,Grey,5
Pentagon ,79.47276157,63.40868612,Yellow,5
Pentagon ,79.48868442,53.65167426,Yellow,5
banana,79.70015835,20.74021837,Blue,1
banana,79.7436,66.7949,Yellow ,1
Clock (2:00),80.18002545,19.08884413,Pink,2
polygons (11 sides),80.24025095,70.35430896,Grey,22
Clock (2:00),80.31249138,76.51623895,Pink,2
Pentagon ,80.35770088,63.29543754,Yellow,5
polygons (11 sides),80.40023368,30.48500637,Grey,22
polygons (15 sides),80.47089432,49.50214835,Grey,5
Clock (2:00),80.57327299,8.365638902,Pink,2
Clock (2:00),80.7662323,79.89606568,Pink,2
Pentagon ,81.53042032,56.02536457,Yellow,5
Clock (2:00),81.56447532,83.79290723,Pink,2
banana,81.57794592,63.8949255,Orange,1
Clock (2:00),81.64370569,16.59175998,Pink,2
polygons (15 sides),81.7246168,6.037544846,Grey,5
banana,81.7949,60.2564,Yellow ,1
Clock (2:00),81.95047764,19.87455821,Pink,2
banana,82.03390848,62.68186979,Orange,1
polygons (15 sides),82.11055798,1.210551663,Grey,5
banana,82.1443116,33.19522187,Orange,1
Pentagon ,82.54023959,56.54105229,Yellow,5
Clock (2:00),82.67011248,81.71147985,Pink,2
banana,83.3333,55.2564,Yellow ,1
banana,83.84465351,58.61606023,Orange,1
Clock (2:00),84.10287943,8.98065579,Pink,2
banana,84.28682499,57.25616809,Orange,1
polygons (11 sides),84.40595283,50.49486589,Grey,22
banana,84.42478583,38.76141016,Orange,1
Clock (2:00),84.61021978,14.2477619,Pink,2
banana,84.6267242,39.48707751,Orange,1
banana,84.79427788,55.56865037,Orange,1
Clock (2:00),84.84824409,95.42480453,Pink,2
banana,85.1282,51.4103,Yellow ,1
banana,85.16168219,65.51240471,Blue,1
banana,85.18014328,53.78167666,Orange,1
banana,85.3449645,52.88641987,Orange,1
Clock (2:00),85.4461864,83.07829384,Pink,2
banana,85.57098508,44.56009644,Orange,1
banana,85.60449902,50.76233791,Orange,1
banana,85.62248671,45.02416586,Orange,1
banana,85.66476066,45.54275277,Orange,1
banana,86.4103,47.5641,Yellow ,1
Pentagon ,86.43589719,59.79276181,Yellow,5
banana,86.50439056,34.89402529,Blue,1
polygons (11 sides),87.69846429,50.48993653,Grey,22
banana,87.9487,46.0256,Yellow ,1
polygons (11 sides),88.66266381,50.45532602,Grey,22
banana,89.4872,42.5641,Yellow ,1
Clock (3:00),89.48884125,40.62509122,Grey,3000
Clock (3:00),89.49024625,48.89079655,Grey,3000
Clock (3:00),89.49420056,62.23432697,Grey,3000
Clock (3:00),89.49752966,33.90137267,Grey,3000
Clock (3:00),89.49778562,46.62990667,Grey,3000
Clock (3:00),89.50012405,53.21633062,Grey,3000
Clock (3:00),89.50018047,31.97891744,Grey,3000
Clock (3:00),89.50105265,43.3473437,Grey,3000
Clock (3:00),89.50162353,45.81517919,Grey,3000
Clock (3:00),89.50485113,48.42340816,Grey,3000
polygons (11 sides),91.11208542,50.48938939,Grey,22
banana,91.2821,41.5385,Yellow ,1
polygons (15 sides),91.63996144,79.40660306,Grey,5
banana,91.78253274,34.38429465,Blue,1
banana,91.80835257,34.96559448,Blue,1
banana,91.88744859,34.76925386,Blue,1
banana,92.24789883,28.07075149,Blue,1
banana,92.24840166,32.37715443,Blue,1
banana,93.3333,39.8718,Yellow ,1
polygons (11 sides),95.06527484,30.50040287,Grey,22
polygons (11 sides),95.24923396,30.45945421,Grey,22
banana,95.3846,36.7949,Yellow ,1
banana,96.08051937,28.0536005,Blue,1
banana,98.2051,33.718,Yellow ,1
polygons (11 sides),98.28812327,30.60391937,Grey,22